Subclass,Filename,Expected Columns Count,Actual Columns Count,All 46 Features Present,Label Present,Missing Features,Extra Columns,Row Count
Benign_Final,BenignTraffic.pcap.csv,47,39,No,No,flow_duration|Duration|Srate|Drate|urg_count|Magnitue|Radius|Covariance|Weight,Time_To_Live|IGMP,362361
Benign_Final,BenignTraffic1.pcap.csv,47,39,No,No,flow_duration|Duration|Srate|Drate|urg_count|Magnitue|Radius|Covariance|Weight,Time_To_Live|IGMP,295585
Benign_Final,BenignTraffic2.pcap.csv,47,39,No,No,flow_duration|Duration|Srate|Drate|urg_count|Magnitue|Radius|Covariance|Weight,Time_To_Live|IGMP,310413
Benign_Final,BenignTraffic3.pcap.csv,47,39,No,No,flow_duration|Duration|Srate|Drate|urg_count|Magnitue|Radius|Covariance|Weight,Time_To_Live|IGMP,129832
BrowserHijacking,BrowserHijacking.pcap.csv,47,39,No,No,flow_duration|Duration|Srate|Drate|urg_count|Magnitue|Radius|Covariance|Weight,Time_To_Live|IGMP,5859
CommandInjection,CommandInjection.pcap.csv,47,39,No,No,flow_duration|Duration|Srate|Drate|urg_count|Magnitue|Radius|Covariance|Weight,Time_To_Live|IGMP,5409
DDoS-ACK_Fragmentation,DDoS-ACK_Fragmentation.pcap.csv,47,39,No,No,flow_duration|Duration|Srate|Drate|urg_count|Magnitue|Radius|Covariance|Weight,Time_To_Live|IGMP,25090
DDoS-ACK_Fragmentation,DDoS-ACK_Fragmentation1.pcap.csv,47,39,No,No,flow_duration|Duration|Srate|Drate|urg_count|Magnitue|Radius|Covariance|Weight,Time_To_Live|IGMP,22416
DDoS-ACK_Fragmentation,DDoS-ACK_Fragmentation10.pcap.csv,47,39,No,No,flow_duration|Duration|Srate|Drate|urg_count|Magnitue|Radius|Covariance|Weight,Time_To_Live|IGMP,22750
DDoS-ACK_Fragmentation,DDoS-ACK_Fragmentation11.pcap.csv,47,39,No,No,flow_duration|Duration|Srate|Drate|urg_count|Magnitue|Radius|Covariance|Weight,Time_To_Live|IGMP,22761
DDoS-ACK_Fragmentation,DDoS-ACK_Fragmentation12.pcap.csv,47,39,No,No,flow_duration|Duration|Srate|Drate|urg_count|Magnitue|Radius|Covariance|Weight,Time_To_Live|IGMP,9482
DDoS-ACK_Fragmentation,DDoS-ACK_Fragmentation2.pcap.csv,47,39,No,No,flow_duration|Duration|Srate|Drate|urg_count|Magnitue|Radius|Covariance|Weight,Time_To_Live|IGMP,22550
DDoS-ACK_Fragmentation,DDoS-ACK_Fragmentation3.pcap.csv,47,39,No,No,flow_duration|Duration|Srate|Drate|urg_count|Magnitue|Radius|Covariance|Weight,Time_To_Live|IGMP,22820
DDoS-ACK_Fragmentation,DDoS-ACK_Fragmentation4.pcap.csv,47,39,No,No,flow_duration|Duration|Srate|Drate|urg_count|Magnitue|Radius|Covariance|Weight,Time_To_Live|IGMP,22483
DDoS-ACK_Fragmentation,DDoS-ACK_Fragmentation5.pcap.csv,47,39,No,No,flow_duration|Duration|Srate|Drate|urg_count|Magnitue|Radius|Covariance|Weight,Time_To_Live|IGMP,21977
DDoS-ACK_Fragmentation,DDoS-ACK_Fragmentation6.pcap.csv,47,39,No,No,flow_duration|Duration|Srate|Drate|urg_count|Magnitue|Radius|Covariance|Weight,Time_To_Live|IGMP,22144
DDoS-ACK_Fragmentation,DDoS-ACK_Fragmentation7.pcap.csv,47,39,No,No,flow_duration|Duration|Srate|Drate|urg_count|Magnitue|Radius|Covariance|Weight,Time_To_Live|IGMP,22253
DDoS-ACK_Fragmentation,DDoS-ACK_Fragmentation8.pcap.csv,47,39,No,No,flow_duration|Duration|Srate|Drate|urg_count|Magnitue|Radius|Covariance|Weight,Time_To_Live|IGMP,22469
DDoS-ACK_Fragmentation,DDoS-ACK_Fragmentation9.pcap.csv,47,39,No,No,flow_duration|Duration|Srate|Drate|urg_count|Magnitue|Radius|Covariance|Weight,Time_To_Live|IGMP,25880
DDoS-HTTP_Flood,DDoS-HTTP_Flood-.pcap.csv,47,39,No,No,flow_duration|Duration|Srate|Drate|urg_count|Magnitue|Radius|Covariance|Weight,Time_To_Live|IGMP,28790
DDoS-ICMP_Flood,DDoS-ICMP_Flood.pcap.csv,47,39,No,No,flow_duration|Duration|Srate|Drate|urg_count|Magnitue|Radius|Covariance|Weight,Time_To_Live|IGMP,268010
DDoS-ICMP_Flood,DDoS-ICMP_Flood1.pcap.csv,47,39,No,No,flow_duration|Duration|Srate|Drate|urg_count|Magnitue|Radius|Covariance|Weight,Time_To_Live|IGMP,268903
DDoS-ICMP_Flood,DDoS-ICMP_Flood10.pcap.csv,47,39,No,No,flow_duration|Duration|Srate|Drate|urg_count|Magnitue|Radius|Covariance|Weight,Time_To_Live|IGMP,268527
DDoS-ICMP_Flood,DDoS-ICMP_Flood11.pcap.csv,47,39,No,No,flow_duration|Duration|Srate|Drate|urg_count|Magnitue|Radius|Covariance|Weight,Time_To_Live|IGMP,268373
DDoS-ICMP_Flood,DDoS-ICMP_Flood12.pcap.csv,47,39,No,No,flow_duration|Duration|Srate|Drate|urg_count|Magnitue|Radius|Covariance|Weight,Time_To_Live|IGMP,268218
DDoS-ICMP_Flood,DDoS-ICMP_Flood13.pcap.csv,47,39,No,No,flow_duration|Duration|Srate|Drate|urg_count|Magnitue|Radius|Covariance|Weight,Time_To_Live|IGMP,266839
DDoS-ICMP_Flood,DDoS-ICMP_Flood14.pcap.csv,47,39,No,No,flow_duration|Duration|Srate|Drate|urg_count|Magnitue|Radius|Covariance|Weight,Time_To_Live|IGMP,266548
DDoS-ICMP_Flood,DDoS-ICMP_Flood15.pcap.csv,47,39,No,No,flow_duration|Duration|Srate|Drate|urg_count|Magnitue|Radius|Covariance|Weight,Time_To_Live|IGMP,263840
DDoS-ICMP_Flood,DDoS-ICMP_Flood16.pcap.csv,47,39,No,No,flow_duration|Duration|Srate|Drate|urg_count|Magnitue|Radius|Covariance|Weight,Time_To_Live|IGMP,249338
DDoS-ICMP_Flood,DDoS-ICMP_Flood17.pcap.csv,47,39,No,No,flow_duration|Duration|Srate|Drate|urg_count|Magnitue|Radius|Covariance|Weight,Time_To_Live|IGMP,267895
DDoS-ICMP_Flood,DDoS-ICMP_Flood18.pcap.csv,47,39,No,No,flow_duration|Duration|Srate|Drate|urg_count|Magnitue|Radius|Covariance|Weight,Time_To_Live|IGMP,269201
DDoS-ICMP_Flood,DDoS-ICMP_Flood19.pcap.csv,47,39,No,No,flow_duration|Duration|Srate|Drate|urg_count|Magnitue|Radius|Covariance|Weight,Time_To_Live|IGMP,268311
DDoS-ICMP_Flood,DDoS-ICMP_Flood2.pcap.csv,47,39,No,No,flow_duration|Duration|Srate|Drate|urg_count|Magnitue|Radius|Covariance|Weight,Time_To_Live|IGMP,264070
DDoS-ICMP_Flood,DDoS-ICMP_Flood20.pcap.csv,47,39,No,No,flow_duration|Duration|Srate|Drate|urg_count|Magnitue|Radius|Covariance|Weight,Time_To_Live|IGMP,265195
DDoS-ICMP_Flood,DDoS-ICMP_Flood21.pcap.csv,47,39,No,No,flow_duration|Duration|Srate|Drate|urg_count|Magnitue|Radius|Covariance|Weight,Time_To_Live|IGMP,268530
DDoS-ICMP_Flood,DDoS-ICMP_Flood22.pcap.csv,47,39,No,No,flow_duration|Duration|Srate|Drate|urg_count|Magnitue|Radius|Covariance|Weight,Time_To_Live|IGMP,266941
DDoS-ICMP_Flood,DDoS-ICMP_Flood23.pcap.csv,47,39,No,No,flow_duration|Duration|Srate|Drate|urg_count|Magnitue|Radius|Covariance|Weight,Time_To_Live|IGMP,268450
DDoS-ICMP_Flood,DDoS-ICMP_Flood25.pcap.csv,47,39,No,No,flow_duration|Duration|Srate|Drate|urg_count|Magnitue|Radius|Covariance|Weight,Time_To_Live|IGMP,266632
DDoS-ICMP_Flood,DDoS-ICMP_Flood26.pcap.csv,47,39,No,No,flow_duration|Duration|Srate|Drate|urg_count|Magnitue|Radius|Covariance|Weight,Time_To_Live|IGMP,268424
DDoS-ICMP_Flood,DDoS-ICMP_Flood3.pcap.csv,47,39,No,No,flow_duration|Duration|Srate|Drate|urg_count|Magnitue|Radius|Covariance|Weight,Time_To_Live|IGMP,261484
DDoS-ICMP_Flood,DDoS-ICMP_Flood4.pcap.csv,47,39,No,No,flow_duration|Duration|Srate|Drate|urg_count|Magnitue|Radius|Covariance|Weight,Time_To_Live|IGMP,267814
DDoS-ICMP_Flood,DDoS-ICMP_Flood5.pcap.csv,47,39,No,No,flow_duration|Duration|Srate|Drate|urg_count|Magnitue|Radius|Covariance|Weight,Time_To_Live|IGMP,268142
DDoS-ICMP_Flood,DDoS-ICMP_Flood6.pcap.csv,47,39,No,No,flow_duration|Duration|Srate|Drate|urg_count|Magnitue|Radius|Covariance|Weight,Time_To_Live|IGMP,268788
DDoS-ICMP_Flood,DDoS-ICMP_Flood7.pcap.csv,47,39,No,No,flow_duration|Duration|Srate|Drate|urg_count|Magnitue|Radius|Covariance|Weight,Time_To_Live|IGMP,268462
DDoS-ICMP_Flood,DDoS-ICMP_Flood8.pcap.csv,47,39,No,No,flow_duration|Duration|Srate|Drate|urg_count|Magnitue|Radius|Covariance|Weight,Time_To_Live|IGMP,267907
DDoS-ICMP_Flood,DDoS-ICMP_Flood9.pcap.csv,47,39,No,No,flow_duration|Duration|Srate|Drate|urg_count|Magnitue|Radius|Covariance|Weight,Time_To_Live|IGMP,268154
DDoS-ICMP_Fragmentation,DDoS-ICMP_Fragmentation.pcap.csv,47,39,No,No,flow_duration|Duration|Srate|Drate|urg_count|Magnitue|Radius|Covariance|Weight,Time_To_Live|IGMP,20696
DDoS-ICMP_Fragmentation,DDoS-ICMP_Fragmentation1.pcap.csv,47,39,No,No,flow_duration|Duration|Srate|Drate|urg_count|Magnitue|Radius|Covariance|Weight,Time_To_Live|IGMP,22527
DDoS-ICMP_Fragmentation,DDoS-ICMP_Fragmentation10.pcap.csv,47,39,No,No,flow_duration|Duration|Srate|Drate|urg_count|Magnitue|Radius|Covariance|Weight,Time_To_Live|IGMP,22742
DDoS-ICMP_Fragmentation,DDoS-ICMP_Fragmentation11.pcap.csv,47,39,No,No,flow_duration|Duration|Srate|Drate|urg_count|Magnitue|Radius|Covariance|Weight,Time_To_Live|IGMP,22529
DDoS-ICMP_Fragmentation,DDoS-ICMP_Fragmentation12.pcap.csv,47,39,No,No,flow_duration|Duration|Srate|Drate|urg_count|Magnitue|Radius|Covariance|Weight,Time_To_Live|IGMP,22931
DDoS-ICMP_Fragmentation,DDoS-ICMP_Fragmentation13.pcap.csv,47,39,No,No,flow_duration|Duration|Srate|Drate|urg_count|Magnitue|Radius|Covariance|Weight,Time_To_Live|IGMP,22574
DDoS-ICMP_Fragmentation,DDoS-ICMP_Fragmentation14.pcap.csv,47,39,No,No,flow_duration|Duration|Srate|Drate|urg_count|Magnitue|Radius|Covariance|Weight,Time_To_Live|IGMP,22717
DDoS-ICMP_Fragmentation,DDoS-ICMP_Fragmentation15.pcap.csv,47,39,No,No,flow_duration|Duration|Srate|Drate|urg_count|Magnitue|Radius|Covariance|Weight,Time_To_Live|IGMP,22276
DDoS-ICMP_Fragmentation,DDoS-ICMP_Fragmentation16.pcap.csv,47,39,No,No,flow_duration|Duration|Srate|Drate|urg_count|Magnitue|Radius|Covariance|Weight,Time_To_Live|IGMP,23046
DDoS-ICMP_Fragmentation,DDoS-ICMP_Fragmentation17.pcap.csv,47,39,No,No,flow_duration|Duration|Srate|Drate|urg_count|Magnitue|Radius|Covariance|Weight,Time_To_Live|IGMP,25135
DDoS-ICMP_Fragmentation,DDoS-ICMP_Fragmentation18.pcap.csv,47,39,No,No,flow_duration|Duration|Srate|Drate|urg_count|Magnitue|Radius|Covariance|Weight,Time_To_Live|IGMP,22521
DDoS-ICMP_Fragmentation,DDoS-ICMP_Fragmentation19.pcap.csv,47,39,No,No,flow_duration|Duration|Srate|Drate|urg_count|Magnitue|Radius|Covariance|Weight,Time_To_Live|IGMP,19866
DDoS-ICMP_Fragmentation,DDoS-ICMP_Fragmentation2.pcap.csv,47,39,No,No,flow_duration|Duration|Srate|Drate|urg_count|Magnitue|Radius|Covariance|Weight,Time_To_Live|IGMP,22617
DDoS-ICMP_Fragmentation,DDoS-ICMP_Fragmentation3.pcap.csv,47,39,No,No,flow_duration|Duration|Srate|Drate|urg_count|Magnitue|Radius|Covariance|Weight,Time_To_Live|IGMP,23381
DDoS-ICMP_Fragmentation,DDoS-ICMP_Fragmentation4.pcap.csv,47,39,No,No,flow_duration|Duration|Srate|Drate|urg_count|Magnitue|Radius|Covariance|Weight,Time_To_Live|IGMP,23567
DDoS-ICMP_Fragmentation,DDoS-ICMP_Fragmentation5.pcap.csv,47,39,No,No,flow_duration|Duration|Srate|Drate|urg_count|Magnitue|Radius|Covariance|Weight,Time_To_Live|IGMP,22421
DDoS-ICMP_Fragmentation,DDoS-ICMP_Fragmentation6.pcap.csv,47,39,No,No,flow_duration|Duration|Srate|Drate|urg_count|Magnitue|Radius|Covariance|Weight,Time_To_Live|IGMP,22335
DDoS-ICMP_Fragmentation,DDoS-ICMP_Fragmentation7.pcap.csv,47,39,No,No,flow_duration|Duration|Srate|Drate|urg_count|Magnitue|Radius|Covariance|Weight,Time_To_Live|IGMP,22783
DDoS-ICMP_Fragmentation,DDoS-ICMP_Fragmentation8.pcap.csv,47,39,No,No,flow_duration|Duration|Srate|Drate|urg_count|Magnitue|Radius|Covariance|Weight,Time_To_Live|IGMP,22537
DDoS-ICMP_Fragmentation,DDoS-ICMP_Fragmentation9.pcap.csv,47,39,No,No,flow_duration|Duration|Srate|Drate|urg_count|Magnitue|Radius|Covariance|Weight,Time_To_Live|IGMP,23289
DDoS-PSHACK_FLOOD,DDoS-PSHACK_Flood1.pcap.csv,47,39,No,No,flow_duration|Duration|Srate|Drate|urg_count|Magnitue|Radius|Covariance|Weight,Time_To_Live|IGMP,269067
DDoS-PSHACK_FLOOD,DDoS-PSHACK_Flood10.pcap.csv,47,39,No,No,flow_duration|Duration|Srate|Drate|urg_count|Magnitue|Radius|Covariance|Weight,Time_To_Live|IGMP,265553
DDoS-PSHACK_FLOOD,DDoS-PSHACK_Flood11.pcap.csv,47,39,No,No,flow_duration|Duration|Srate|Drate|urg_count|Magnitue|Radius|Covariance|Weight,Time_To_Live|IGMP,267192
DDoS-PSHACK_FLOOD,DDoS-PSHACK_Flood12.pcap.csv,47,39,No,No,flow_duration|Duration|Srate|Drate|urg_count|Magnitue|Radius|Covariance|Weight,Time_To_Live|IGMP,266453
DDoS-PSHACK_FLOOD,DDoS-PSHACK_Flood13.pcap.csv,47,39,No,No,flow_duration|Duration|Srate|Drate|urg_count|Magnitue|Radius|Covariance|Weight,Time_To_Live|IGMP,268539
DDoS-PSHACK_FLOOD,DDoS-PSHACK_Flood15.pcap.csv,47,39,No,No,flow_duration|Duration|Srate|Drate|urg_count|Magnitue|Radius|Covariance|Weight,Time_To_Live|IGMP,78907
DDoS-PSHACK_FLOOD,DDoS-PSHACK_Flood2.pcap.csv,47,39,No,No,flow_duration|Duration|Srate|Drate|urg_count|Magnitue|Radius|Covariance|Weight,Time_To_Live|IGMP,268128
DDoS-PSHACK_FLOOD,DDoS-PSHACK_Flood3.pcap.csv,47,39,No,No,flow_duration|Duration|Srate|Drate|urg_count|Magnitue|Radius|Covariance|Weight,Time_To_Live|IGMP,268033
DDoS-PSHACK_FLOOD,DDoS-PSHACK_Flood4.pcap.csv,47,39,No,No,flow_duration|Duration|Srate|Drate|urg_count|Magnitue|Radius|Covariance|Weight,Time_To_Live|IGMP,268329
DDoS-PSHACK_FLOOD,DDoS-PSHACK_Flood6.pcap.csv,47,39,No,No,flow_duration|Duration|Srate|Drate|urg_count|Magnitue|Radius|Covariance|Weight,Time_To_Live|IGMP,268242
DDoS-PSHACK_FLOOD,DDoS-PSHACK_Flood8.pcap.csv,47,39,No,No,flow_duration|Duration|Srate|Drate|urg_count|Magnitue|Radius|Covariance|Weight,Time_To_Live|IGMP,268783
DDoS-PSHACK_FLOOD,DDoS-PSHACK_Flood9.pcap.csv,47,39,No,No,flow_duration|Duration|Srate|Drate|urg_count|Magnitue|Radius|Covariance|Weight,Time_To_Live|IGMP,265956
DDoS-RSTFINFLOOD,DDoS-RSTFINFlood.pcap.csv,47,39,No,No,flow_duration|Duration|Srate|Drate|urg_count|Magnitue|Radius|Covariance|Weight,Time_To_Live|IGMP,266934
DDoS-RSTFINFLOOD,DDoS-RSTFINFlood1.pcap.csv,47,39,No,No,flow_duration|Duration|Srate|Drate|urg_count|Magnitue|Radius|Covariance|Weight,Time_To_Live|IGMP,265364
DDoS-RSTFINFLOOD,DDoS-RSTFINFlood10.pcap.csv,47,39,No,No,flow_duration|Duration|Srate|Drate|urg_count|Magnitue|Radius|Covariance|Weight,Time_To_Live|IGMP,268564
DDoS-RSTFINFLOOD,DDoS-RSTFINFlood11.pcap.csv,47,39,No,No,flow_duration|Duration|Srate|Drate|urg_count|Magnitue|Radius|Covariance|Weight,Time_To_Live|IGMP,265702
DDoS-RSTFINFLOOD,DDoS-RSTFINFlood13.pcap.csv,47,39,No,No,flow_duration|Duration|Srate|Drate|urg_count|Magnitue|Radius|Covariance|Weight,Time_To_Live|IGMP,268730
DDoS-RSTFINFLOOD,DDoS-RSTFINFlood14.pcap.csv,47,39,No,No,flow_duration|Duration|Srate|Drate|urg_count|Magnitue|Radius|Covariance|Weight,Time_To_Live|IGMP,268668
DDoS-RSTFINFLOOD,DDoS-RSTFINFlood2.pcap.csv,47,39,No,No,flow_duration|Duration|Srate|Drate|urg_count|Magnitue|Radius|Covariance|Weight,Time_To_Live|IGMP,265781
DDoS-RSTFINFLOOD,DDoS-RSTFINFlood3.pcap.csv,47,39,No,No,flow_duration|Duration|Srate|Drate|urg_count|Magnitue|Radius|Covariance|Weight,Time_To_Live|IGMP,265518
DDoS-RSTFINFLOOD,DDoS-RSTFINFlood6.pcap.csv,47,39,No,No,flow_duration|Duration|Srate|Drate|urg_count|Magnitue|Radius|Covariance|Weight,Time_To_Live|IGMP,242421
DDoS-RSTFINFLOOD,DDoS-RSTFINFlood7.pcap.csv,47,39,No,No,flow_duration|Duration|Srate|Drate|urg_count|Magnitue|Radius|Covariance|Weight,Time_To_Live|IGMP,265297
DDoS-RSTFINFLOOD,DDoS-RSTFINFlood9.pcap.csv,47,39,No,No,flow_duration|Duration|Srate|Drate|urg_count|Magnitue|Radius|Covariance|Weight,Time_To_Live|IGMP,267317
DDoS-SlowLoris,DDoS-SlowLoris.pcap.csv,47,39,No,No,flow_duration|Duration|Srate|Drate|urg_count|Magnitue|Radius|Covariance|Weight,Time_To_Live|IGMP,23426
DDoS-SYN_Flood,DDoS-SYN_Flood.pcap.csv,47,39,No,No,flow_duration|Duration|Srate|Drate|urg_count|Magnitue|Radius|Covariance|Weight,Time_To_Live|IGMP,266024
DDoS-SYN_Flood,DDoS-SYN_Flood1.pcap.csv,47,39,No,No,flow_duration|Duration|Srate|Drate|urg_count|Magnitue|Radius|Covariance|Weight,Time_To_Live|IGMP,267197
DDoS-SYN_Flood,DDoS-SYN_Flood10.pcap.csv,47,39,No,No,flow_duration|Duration|Srate|Drate|urg_count|Magnitue|Radius|Covariance|Weight,Time_To_Live|IGMP,267692
DDoS-SYN_Flood,DDoS-SYN_Flood11.pcap.csv,47,39,No,No,flow_duration|Duration|Srate|Drate|urg_count|Magnitue|Radius|Covariance|Weight,Time_To_Live|IGMP,266507
DDoS-SYN_Flood,DDoS-SYN_Flood12.pcap.csv,47,39,No,No,flow_duration|Duration|Srate|Drate|urg_count|Magnitue|Radius|Covariance|Weight,Time_To_Live|IGMP,268242
DDoS-SYN_Flood,DDoS-SYN_Flood13.pcap.csv,47,39,No,No,flow_duration|Duration|Srate|Drate|urg_count|Magnitue|Radius|Covariance|Weight,Time_To_Live|IGMP,268015
DDoS-SYN_Flood,DDoS-SYN_Flood14.pcap.csv,47,39,No,No,flow_duration|Duration|Srate|Drate|urg_count|Magnitue|Radius|Covariance|Weight,Time_To_Live|IGMP,264392
DDoS-SYN_Flood,DDoS-SYN_Flood15.pcap.csv,47,39,No,No,flow_duration|Duration|Srate|Drate|urg_count|Magnitue|Radius|Covariance|Weight,Time_To_Live|IGMP,137254
DDoS-SYN_Flood,DDoS-SYN_Flood2.pcap.csv,47,39,No,No,flow_duration|Duration|Srate|Drate|urg_count|Magnitue|Radius|Covariance|Weight,Time_To_Live|IGMP,268427
DDoS-SYN_Flood,DDoS-SYN_Flood3.pcap.csv,47,39,No,No,flow_duration|Duration|Srate|Drate|urg_count|Magnitue|Radius|Covariance|Weight,Time_To_Live|IGMP,268354
DDoS-SYN_Flood,DDoS-SYN_Flood6.pcap.csv,47,39,No,No,flow_duration|Duration|Srate|Drate|urg_count|Magnitue|Radius|Covariance|Weight,Time_To_Live|IGMP,267846
DDoS-SYN_Flood,DDoS-SYN_Flood7.pcap.csv,47,39,No,No,flow_duration|Duration|Srate|Drate|urg_count|Magnitue|Radius|Covariance|Weight,Time_To_Live|IGMP,265072
DDoS-SYN_Flood,DDoS-SYN_Flood8.pcap.csv,47,39,No,No,flow_duration|Duration|Srate|Drate|urg_count|Magnitue|Radius|Covariance|Weight,Time_To_Live|IGMP,260194
DDoS-SynonymousIP_Flood,DDoS-SynonymousIP_Flood.pcap.csv,47,39,No,No,flow_duration|Duration|Srate|Drate|urg_count|Magnitue|Radius|Covariance|Weight,Time_To_Live|IGMP,268626
DDoS-SynonymousIP_Flood,DDoS-SynonymousIP_Flood10.pcap.csv,47,39,No,No,flow_duration|Duration|Srate|Drate|urg_count|Magnitue|Radius|Covariance|Weight,Time_To_Live|IGMP,265192
DDoS-SynonymousIP_Flood,DDoS-SynonymousIP_Flood11.pcap.csv,47,39,No,No,flow_duration|Duration|Srate|Drate|urg_count|Magnitue|Radius|Covariance|Weight,Time_To_Live|IGMP,268395
DDoS-SynonymousIP_Flood,DDoS-SynonymousIP_Flood12.pcap.csv,47,39,No,No,flow_duration|Duration|Srate|Drate|urg_count|Magnitue|Radius|Covariance|Weight,Time_To_Live|IGMP,267995
DDoS-SynonymousIP_Flood,DDoS-SynonymousIP_Flood13.pcap.csv,47,39,No,No,flow_duration|Duration|Srate|Drate|urg_count|Magnitue|Radius|Covariance|Weight,Time_To_Live|IGMP,127048
DDoS-SynonymousIP_Flood,DDoS-SynonymousIP_Flood2.pcap.csv,47,39,No,No,flow_duration|Duration|Srate|Drate|urg_count|Magnitue|Radius|Covariance|Weight,Time_To_Live|IGMP,268216
DDoS-SynonymousIP_Flood,DDoS-SynonymousIP_Flood3.pcap.csv,47,39,No,No,flow_duration|Duration|Srate|Drate|urg_count|Magnitue|Radius|Covariance|Weight,Time_To_Live|IGMP,268323
DDoS-SynonymousIP_Flood,DDoS-SynonymousIP_Flood6.pcap.csv,47,39,No,No,flow_duration|Duration|Srate|Drate|urg_count|Magnitue|Radius|Covariance|Weight,Time_To_Live|IGMP,262517
DDoS-SynonymousIP_Flood,DDoS-SynonymousIP_Flood9.pcap.csv,47,39,No,No,flow_duration|Duration|Srate|Drate|urg_count|Magnitue|Radius|Covariance|Weight,Time_To_Live|IGMP,264339
DDoS-TCP_Flood,DDoS-TCP_Flood.pcap.csv,47,39,No,No,flow_duration|Duration|Srate|Drate|urg_count|Magnitue|Radius|Covariance|Weight,Time_To_Live|IGMP,265776
DDoS-TCP_Flood,DDoS-TCP_Flood10.pcap.csv,47,39,No,No,flow_duration|Duration|Srate|Drate|urg_count|Magnitue|Radius|Covariance|Weight,Time_To_Live|IGMP,264404
DDoS-TCP_Flood,DDoS-TCP_Flood11.pcap.csv,47,39,No,No,flow_duration|Duration|Srate|Drate|urg_count|Magnitue|Radius|Covariance|Weight,Time_To_Live|IGMP,260145
DDoS-TCP_Flood,DDoS-TCP_Flood12.pcap.csv,47,39,No,No,flow_duration|Duration|Srate|Drate|urg_count|Magnitue|Radius|Covariance|Weight,Time_To_Live|IGMP,267983
DDoS-TCP_Flood,DDoS-TCP_Flood14.pcap.csv,47,39,No,No,flow_duration|Duration|Srate|Drate|urg_count|Magnitue|Radius|Covariance|Weight,Time_To_Live|IGMP,265920
DDoS-TCP_Flood,DDoS-TCP_Flood15.pcap.csv,47,39,No,No,flow_duration|Duration|Srate|Drate|urg_count|Magnitue|Radius|Covariance|Weight,Time_To_Live|IGMP,267289
DDoS-TCP_Flood,DDoS-TCP_Flood16.pcap.csv,47,39,No,No,flow_duration|Duration|Srate|Drate|urg_count|Magnitue|Radius|Covariance|Weight,Time_To_Live|IGMP,267718
DDoS-TCP_Flood,DDoS-TCP_Flood2.pcap.csv,47,39,No,No,flow_duration|Duration|Srate|Drate|urg_count|Magnitue|Radius|Covariance|Weight,Time_To_Live|IGMP,268248
DDoS-TCP_Flood,DDoS-TCP_Flood3.pcap.csv,47,39,No,No,flow_duration|Duration|Srate|Drate|urg_count|Magnitue|Radius|Covariance|Weight,Time_To_Live|IGMP,267384
DDoS-TCP_Flood,DDoS-TCP_Flood4.pcap.csv,47,39,No,No,flow_duration|Duration|Srate|Drate|urg_count|Magnitue|Radius|Covariance|Weight,Time_To_Live|IGMP,196253
DDoS-TCP_Flood,DDoS-TCP_Flood6.pcap.csv,47,39,No,No,flow_duration|Duration|Srate|Drate|urg_count|Magnitue|Radius|Covariance|Weight,Time_To_Live|IGMP,262386
DDoS-TCP_Flood,DDoS-TCP_Flood7.pcap.csv,47,39,No,No,flow_duration|Duration|Srate|Drate|urg_count|Magnitue|Radius|Covariance|Weight,Time_To_Live|IGMP,267755
DDoS-TCP_Flood,DDoS-TCP_Flood9.pcap.csv,47,39,No,No,flow_duration|Duration|Srate|Drate|urg_count|Magnitue|Radius|Covariance|Weight,Time_To_Live|IGMP,264469
DDoS-UDP_Flood,DDoS-UDP_Flood.pcap.csv,47,39,No,No,flow_duration|Duration|Srate|Drate|urg_count|Magnitue|Radius|Covariance|Weight,Time_To_Live|IGMP,266605
DDoS-UDP_Flood,DDoS-UDP_Flood1.pcap.csv,47,39,No,No,flow_duration|Duration|Srate|Drate|urg_count|Magnitue|Radius|Covariance|Weight,Time_To_Live|IGMP,266848
DDoS-UDP_Flood,DDoS-UDP_Flood10.pcap.csv,47,39,No,No,flow_duration|Duration|Srate|Drate|urg_count|Magnitue|Radius|Covariance|Weight,Time_To_Live|IGMP,261898
DDoS-UDP_Flood,DDoS-UDP_Flood13.pcap.csv,47,39,No,No,flow_duration|Duration|Srate|Drate|urg_count|Magnitue|Radius|Covariance|Weight,Time_To_Live|IGMP,267714
DDoS-UDP_Flood,DDoS-UDP_Flood14.pcap.csv,47,39,No,No,flow_duration|Duration|Srate|Drate|urg_count|Magnitue|Radius|Covariance|Weight,Time_To_Live|IGMP,268391
DDoS-UDP_Flood,DDoS-UDP_Flood15.pcap.csv,47,39,No,No,flow_duration|Duration|Srate|Drate|urg_count|Magnitue|Radius|Covariance|Weight,Time_To_Live|IGMP,266491
DDoS-UDP_Flood,DDoS-UDP_Flood16.pcap.csv,47,39,No,No,flow_duration|Duration|Srate|Drate|urg_count|Magnitue|Radius|Covariance|Weight,Time_To_Live|IGMP,267262
DDoS-UDP_Flood,DDoS-UDP_Flood17.pcap.csv,47,39,No,No,flow_duration|Duration|Srate|Drate|urg_count|Magnitue|Radius|Covariance|Weight,Time_To_Live|IGMP,266050
DDoS-UDP_Flood,DDoS-UDP_Flood19.pcap.csv,47,39,No,No,flow_duration|Duration|Srate|Drate|urg_count|Magnitue|Radius|Covariance|Weight,Time_To_Live|IGMP,267985
DDoS-UDP_Flood,DDoS-UDP_Flood2.pcap.csv,47,39,No,No,flow_duration|Duration|Srate|Drate|urg_count|Magnitue|Radius|Covariance|Weight,Time_To_Live|IGMP,265667
DDoS-UDP_Flood,DDoS-UDP_Flood20.pcap.csv,47,39,No,No,flow_duration|Duration|Srate|Drate|urg_count|Magnitue|Radius|Covariance|Weight,Time_To_Live|IGMP,79331
DDoS-UDP_Flood,DDoS-UDP_Flood3.pcap.csv,47,39,No,No,flow_duration|Duration|Srate|Drate|urg_count|Magnitue|Radius|Covariance|Weight,Time_To_Live|IGMP,267399
DDoS-UDP_Flood,DDoS-UDP_Flood4.pcap.csv,47,39,No,No,flow_duration|Duration|Srate|Drate|urg_count|Magnitue|Radius|Covariance|Weight,Time_To_Live|IGMP,266899
DDoS-UDP_Flood,DDoS-UDP_Flood5.pcap.csv,47,39,No,No,flow_duration|Duration|Srate|Drate|urg_count|Magnitue|Radius|Covariance|Weight,Time_To_Live|IGMP,267530
DDoS-UDP_Flood,DDoS-UDP_Flood6.pcap.csv,47,39,No,No,flow_duration|Duration|Srate|Drate|urg_count|Magnitue|Radius|Covariance|Weight,Time_To_Live|IGMP,265495
DDoS-UDP_Flood,DDoS-UDP_Flood7.pcap.csv,47,39,No,No,flow_duration|Duration|Srate|Drate|urg_count|Magnitue|Radius|Covariance|Weight,Time_To_Live|IGMP,268374
DDoS-UDP_Flood,DDoS-UDP_Flood8.pcap.csv,47,39,No,No,flow_duration|Duration|Srate|Drate|urg_count|Magnitue|Radius|Covariance|Weight,Time_To_Live|IGMP,268068
DDoS-UDP_Flood,DDoS-UDP_Flood9.pcap.csv,47,39,No,No,flow_duration|Duration|Srate|Drate|urg_count|Magnitue|Radius|Covariance|Weight,Time_To_Live|IGMP,265944
DDoS-UDP_Fragmentation,DDoS-UDP_Fragmentation.pcap.csv,47,39,No,No,flow_duration|Duration|Srate|Drate|urg_count|Magnitue|Radius|Covariance|Weight,Time_To_Live|IGMP,22542
DDoS-UDP_Fragmentation,DDoS-UDP_Fragmentation1.pcap.csv,47,39,No,No,flow_duration|Duration|Srate|Drate|urg_count|Magnitue|Radius|Covariance|Weight,Time_To_Live|IGMP,22541
DDoS-UDP_Fragmentation,DDoS-UDP_Fragmentation10.pcap.csv,47,39,No,No,flow_duration|Duration|Srate|Drate|urg_count|Magnitue|Radius|Covariance|Weight,Time_To_Live|IGMP,22361
DDoS-UDP_Fragmentation,DDoS-UDP_Fragmentation11.pcap.csv,47,39,No,No,flow_duration|Duration|Srate|Drate|urg_count|Magnitue|Radius|Covariance|Weight,Time_To_Live|IGMP,22908
DDoS-UDP_Fragmentation,DDoS-UDP_Fragmentation12.pcap.csv,47,39,No,No,flow_duration|Duration|Srate|Drate|urg_count|Magnitue|Radius|Covariance|Weight,Time_To_Live|IGMP,15532
DDoS-UDP_Fragmentation,DDoS-UDP_Fragmentation2.pcap.csv,47,39,No,No,flow_duration|Duration|Srate|Drate|urg_count|Magnitue|Radius|Covariance|Weight,Time_To_Live|IGMP,22368
DDoS-UDP_Fragmentation,DDoS-UDP_Fragmentation3.pcap.csv,47,39,No,No,flow_duration|Duration|Srate|Drate|urg_count|Magnitue|Radius|Covariance|Weight,Time_To_Live|IGMP,23167
DDoS-UDP_Fragmentation,DDoS-UDP_Fragmentation4.pcap.csv,47,39,No,No,flow_duration|Duration|Srate|Drate|urg_count|Magnitue|Radius|Covariance|Weight,Time_To_Live|IGMP,22715
DDoS-UDP_Fragmentation,DDoS-UDP_Fragmentation5.pcap.csv,47,39,No,No,flow_duration|Duration|Srate|Drate|urg_count|Magnitue|Radius|Covariance|Weight,Time_To_Live|IGMP,23117
DDoS-UDP_Fragmentation,DDoS-UDP_Fragmentation6.pcap.csv,47,39,No,No,flow_duration|Duration|Srate|Drate|urg_count|Magnitue|Radius|Covariance|Weight,Time_To_Live|IGMP,22254
DDoS-UDP_Fragmentation,DDoS-UDP_Fragmentation8.pcap.csv,47,39,No,No,flow_duration|Duration|Srate|Drate|urg_count|Magnitue|Radius|Covariance|Weight,Time_To_Live|IGMP,22630
DDoS-UDP_Fragmentation,DDoS-UDP_Fragmentation9.pcap.csv,47,39,No,No,flow_duration|Duration|Srate|Drate|urg_count|Magnitue|Radius|Covariance|Weight,Time_To_Live|IGMP,22121
DictionaryBruteForce,DictionaryBruteForce.pcap.csv,47,39,No,No,flow_duration|Duration|Srate|Drate|urg_count|Magnitue|Radius|Covariance|Weight,Time_To_Live|IGMP,13064
DNS_Spoofing,DNS_Spoofing.pcap.csv,47,39,No,No,flow_duration|Duration|Srate|Drate|urg_count|Magnitue|Radius|Covariance|Weight,Time_To_Live|IGMP,178898
DoS-HTTP_Flood,DoS-HTTP_Flood.pcap.csv,47,39,No,No,flow_duration|Duration|Srate|Drate|urg_count|Magnitue|Radius|Covariance|Weight,Time_To_Live|IGMP,40686
DoS-HTTP_Flood,DoS-HTTP_Flood1.pcap.csv,47,39,No,No,flow_duration|Duration|Srate|Drate|urg_count|Magnitue|Radius|Covariance|Weight,Time_To_Live|IGMP,31175
DoS-SYN_Flood,DoS-SYN_Flood.pcap.csv,47,39,No,No,flow_duration|Duration|Srate|Drate|urg_count|Magnitue|Radius|Covariance|Weight,Time_To_Live|IGMP,262691
DoS-SYN_Flood,DoS-SYN_Flood1.pcap.csv,47,39,No,No,flow_duration|Duration|Srate|Drate|urg_count|Magnitue|Radius|Covariance|Weight,Time_To_Live|IGMP,264126
DoS-SYN_Flood,DoS-SYN_Flood3.pcap.csv,47,39,No,No,flow_duration|Duration|Srate|Drate|urg_count|Magnitue|Radius|Covariance|Weight,Time_To_Live|IGMP,257402
DoS-SYN_Flood,DoS-SYN_Flood4.pcap.csv,47,39,No,No,flow_duration|Duration|Srate|Drate|urg_count|Magnitue|Radius|Covariance|Weight,Time_To_Live|IGMP,258219
DoS-SYN_Flood,DoS-SYN_Flood5.pcap.csv,47,39,No,No,flow_duration|Duration|Srate|Drate|urg_count|Magnitue|Radius|Covariance|Weight,Time_To_Live|IGMP,265519
DoS-SYN_Flood,DoS-SYN_Flood7.pcap.csv,47,39,No,No,flow_duration|Duration|Srate|Drate|urg_count|Magnitue|Radius|Covariance|Weight,Time_To_Live|IGMP,205930
DoS-TCP_Flood,DoS-TCP_Flood.pcap.csv,47,39,No,No,flow_duration|Duration|Srate|Drate|urg_count|Magnitue|Radius|Covariance|Weight,Time_To_Live|IGMP,260129
DoS-TCP_Flood,DoS-TCP_Flood1.pcap.csv,47,39,No,No,flow_duration|Duration|Srate|Drate|urg_count|Magnitue|Radius|Covariance|Weight,Time_To_Live|IGMP,246026
DoS-TCP_Flood,DoS-TCP_Flood10.pcap.csv,47,39,No,No,flow_duration|Duration|Srate|Drate|urg_count|Magnitue|Radius|Covariance|Weight,Time_To_Live|IGMP,83023
DoS-TCP_Flood,DoS-TCP_Flood2.pcap.csv,47,39,No,No,flow_duration|Duration|Srate|Drate|urg_count|Magnitue|Radius|Covariance|Weight,Time_To_Live|IGMP,263675
DoS-TCP_Flood,DoS-TCP_Flood3.pcap.csv,47,39,No,No,flow_duration|Duration|Srate|Drate|urg_count|Magnitue|Radius|Covariance|Weight,Time_To_Live|IGMP,266238
DoS-TCP_Flood,DoS-TCP_Flood4.pcap.csv,47,39,No,No,flow_duration|Duration|Srate|Drate|urg_count|Magnitue|Radius|Covariance|Weight,Time_To_Live|IGMP,265480
DoS-TCP_Flood,DoS-TCP_Flood6.pcap.csv,47,39,No,No,flow_duration|Duration|Srate|Drate|urg_count|Magnitue|Radius|Covariance|Weight,Time_To_Live|IGMP,261903
DoS-TCP_Flood,DoS-TCP_Flood7.pcap.csv,47,39,No,No,flow_duration|Duration|Srate|Drate|urg_count|Magnitue|Radius|Covariance|Weight,Time_To_Live|IGMP,265329
DoS-UDP_Flood,DoS-UDP_Flood.pcap.csv,47,39,No,No,flow_duration|Duration|Srate|Drate|urg_count|Magnitue|Radius|Covariance|Weight,Time_To_Live|IGMP,166838
DoS-UDP_Flood,DoS-UDP_Flood1.pcap.csv,47,39,No,No,flow_duration|Duration|Srate|Drate|urg_count|Magnitue|Radius|Covariance|Weight,Time_To_Live|IGMP,141854
DoS-UDP_Flood,DoS-UDP_Flood10.pcap.csv,47,39,No,No,flow_duration|Duration|Srate|Drate|urg_count|Magnitue|Radius|Covariance|Weight,Time_To_Live|IGMP,262163
DoS-UDP_Flood,DoS-UDP_Flood11.pcap.csv,47,39,No,No,flow_duration|Duration|Srate|Drate|urg_count|Magnitue|Radius|Covariance|Weight,Time_To_Live|IGMP,253306
DoS-UDP_Flood,DoS-UDP_Flood12.pcap.csv,47,39,No,No,flow_duration|Duration|Srate|Drate|urg_count|Magnitue|Radius|Covariance|Weight,Time_To_Live|IGMP,247718
DoS-UDP_Flood,DoS-UDP_Flood13.pcap.csv,47,39,No,No,flow_duration|Duration|Srate|Drate|urg_count|Magnitue|Radius|Covariance|Weight,Time_To_Live|IGMP,261752
DoS-UDP_Flood,DoS-UDP_Flood14.pcap.csv,47,39,No,No,flow_duration|Duration|Srate|Drate|urg_count|Magnitue|Radius|Covariance|Weight,Time_To_Live|IGMP,255526
DoS-UDP_Flood,DoS-UDP_Flood15.pcap.csv,47,39,No,No,flow_duration|Duration|Srate|Drate|urg_count|Magnitue|Radius|Covariance|Weight,Time_To_Live|IGMP,265157
DoS-UDP_Flood,DoS-UDP_Flood16.pcap.csv,47,39,No,No,flow_duration|Duration|Srate|Drate|urg_count|Magnitue|Radius|Covariance|Weight,Time_To_Live|IGMP,180914
DoS-UDP_Flood,DoS-UDP_Flood2.pcap.csv,47,39,No,No,flow_duration|Duration|Srate|Drate|urg_count|Magnitue|Radius|Covariance|Weight,Time_To_Live|IGMP,102879
DoS-UDP_Flood,DoS-UDP_Flood3.pcap.csv,47,39,No,No,flow_duration|Duration|Srate|Drate|urg_count|Magnitue|Radius|Covariance|Weight,Time_To_Live|IGMP,108557
DoS-UDP_Flood,DoS-UDP_Flood4.pcap.csv,47,39,No,No,flow_duration|Duration|Srate|Drate|urg_count|Magnitue|Radius|Covariance|Weight,Time_To_Live|IGMP,131975
DoS-UDP_Flood,DoS-UDP_Flood5.pcap.csv,47,39,No,No,flow_duration|Duration|Srate|Drate|urg_count|Magnitue|Radius|Covariance|Weight,Time_To_Live|IGMP,114208
DoS-UDP_Flood,DoS-UDP_Flood6.pcap.csv,47,39,No,No,flow_duration|Duration|Srate|Drate|urg_count|Magnitue|Radius|Covariance|Weight,Time_To_Live|IGMP,117839
DoS-UDP_Flood,DoS-UDP_Flood7.pcap.csv,47,39,No,No,flow_duration|Duration|Srate|Drate|urg_count|Magnitue|Radius|Covariance|Weight,Time_To_Live|IGMP,175919
DoS-UDP_Flood,DoS-UDP_Flood8.pcap.csv,47,39,No,No,flow_duration|Duration|Srate|Drate|urg_count|Magnitue|Radius|Covariance|Weight,Time_To_Live|IGMP,160834
DoS-UDP_Flood,DoS-UDP_Flood9.pcap.csv,47,39,No,No,flow_duration|Duration|Srate|Drate|urg_count|Magnitue|Radius|Covariance|Weight,Time_To_Live|IGMP,125551
Mirai-greeth_flood,Mirai-greeth_flood.pcap.csv,47,39,No,No,flow_duration|Duration|Srate|Drate|urg_count|Magnitue|Radius|Covariance|Weight,Time_To_Live|IGMP,33597
Mirai-greeth_flood,Mirai-greeth_flood1.pcap.csv,47,39,No,No,flow_duration|Duration|Srate|Drate|urg_count|Magnitue|Radius|Covariance|Weight,Time_To_Live|IGMP,34113
Mirai-greeth_flood,Mirai-greeth_flood10.pcap.csv,47,39,No,No,flow_duration|Duration|Srate|Drate|urg_count|Magnitue|Radius|Covariance|Weight,Time_To_Live|IGMP,34499
Mirai-greeth_flood,Mirai-greeth_flood11.pcap.csv,47,39,No,No,flow_duration|Duration|Srate|Drate|urg_count|Magnitue|Radius|Covariance|Weight,Time_To_Live|IGMP,34551
Mirai-greeth_flood,Mirai-greeth_flood12.pcap.csv,47,39,No,No,flow_duration|Duration|Srate|Drate|urg_count|Magnitue|Radius|Covariance|Weight,Time_To_Live|IGMP,34240
Mirai-greeth_flood,Mirai-greeth_flood13.pcap.csv,47,39,No,No,flow_duration|Duration|Srate|Drate|urg_count|Magnitue|Radius|Covariance|Weight,Time_To_Live|IGMP,34451
Mirai-greeth_flood,Mirai-greeth_flood14.pcap.csv,47,39,No,No,flow_duration|Duration|Srate|Drate|urg_count|Magnitue|Radius|Covariance|Weight,Time_To_Live|IGMP,34058
Mirai-greeth_flood,Mirai-greeth_flood15.pcap.csv,47,39,No,No,flow_duration|Duration|Srate|Drate|urg_count|Magnitue|Radius|Covariance|Weight,Time_To_Live|IGMP,34137
Mirai-greeth_flood,Mirai-greeth_flood16.pcap.csv,47,39,No,No,flow_duration|Duration|Srate|Drate|urg_count|Magnitue|Radius|Covariance|Weight,Time_To_Live|IGMP,34081
Mirai-greeth_flood,Mirai-greeth_flood17.pcap.csv,47,39,No,No,flow_duration|Duration|Srate|Drate|urg_count|Magnitue|Radius|Covariance|Weight,Time_To_Live|IGMP,34054
Mirai-greeth_flood,Mirai-greeth_flood18.pcap.csv,47,39,No,No,flow_duration|Duration|Srate|Drate|urg_count|Magnitue|Radius|Covariance|Weight,Time_To_Live|IGMP,34101
Mirai-greeth_flood,Mirai-greeth_flood19.pcap.csv,47,39,No,No,flow_duration|Duration|Srate|Drate|urg_count|Magnitue|Radius|Covariance|Weight,Time_To_Live|IGMP,34136
Mirai-greeth_flood,Mirai-greeth_flood2.pcap.csv,47,39,No,No,flow_duration|Duration|Srate|Drate|urg_count|Magnitue|Radius|Covariance|Weight,Time_To_Live|IGMP,34054
Mirai-greeth_flood,Mirai-greeth_flood20.pcap.csv,47,39,No,No,flow_duration|Duration|Srate|Drate|urg_count|Magnitue|Radius|Covariance|Weight,Time_To_Live|IGMP,34235
Mirai-greeth_flood,Mirai-greeth_flood21.pcap.csv,47,39,No,No,flow_duration|Duration|Srate|Drate|urg_count|Magnitue|Radius|Covariance|Weight,Time_To_Live|IGMP,34752
Mirai-greeth_flood,Mirai-greeth_flood22.pcap.csv,47,39,No,No,flow_duration|Duration|Srate|Drate|urg_count|Magnitue|Radius|Covariance|Weight,Time_To_Live|IGMP,34247
Mirai-greeth_flood,Mirai-greeth_flood23.pcap.csv,47,39,No,No,flow_duration|Duration|Srate|Drate|urg_count|Magnitue|Radius|Covariance|Weight,Time_To_Live|IGMP,34493
Mirai-greeth_flood,Mirai-greeth_flood24.pcap.csv,47,39,No,No,flow_duration|Duration|Srate|Drate|urg_count|Magnitue|Radius|Covariance|Weight,Time_To_Live|IGMP,34071
Mirai-greeth_flood,Mirai-greeth_flood25.pcap.csv,47,39,No,No,flow_duration|Duration|Srate|Drate|urg_count|Magnitue|Radius|Covariance|Weight,Time_To_Live|IGMP,34080
Mirai-greeth_flood,Mirai-greeth_flood26.pcap.csv,47,39,No,No,flow_duration|Duration|Srate|Drate|urg_count|Magnitue|Radius|Covariance|Weight,Time_To_Live|IGMP,34518
Mirai-greeth_flood,Mirai-greeth_flood27.pcap.csv,47,39,No,No,flow_duration|Duration|Srate|Drate|urg_count|Magnitue|Radius|Covariance|Weight,Time_To_Live|IGMP,34201
Mirai-greeth_flood,Mirai-greeth_flood28.pcap.csv,47,39,No,No,flow_duration|Duration|Srate|Drate|urg_count|Magnitue|Radius|Covariance|Weight,Time_To_Live|IGMP,33979
Mirai-greeth_flood,Mirai-greeth_flood3.pcap.csv,47,39,No,No,flow_duration|Duration|Srate|Drate|urg_count|Magnitue|Radius|Covariance|Weight,Time_To_Live|IGMP,34066
Mirai-greeth_flood,Mirai-greeth_flood4.pcap.csv,47,39,No,No,flow_duration|Duration|Srate|Drate|urg_count|Magnitue|Radius|Covariance|Weight,Time_To_Live|IGMP,34025
Mirai-greeth_flood,Mirai-greeth_flood5.pcap.csv,47,39,No,No,flow_duration|Duration|Srate|Drate|urg_count|Magnitue|Radius|Covariance|Weight,Time_To_Live|IGMP,34016
Mirai-greeth_flood,Mirai-greeth_flood6.pcap.csv,47,39,No,No,flow_duration|Duration|Srate|Drate|urg_count|Magnitue|Radius|Covariance|Weight,Time_To_Live|IGMP,34146
Mirai-greeth_flood,Mirai-greeth_flood7.pcap.csv,47,39,No,No,flow_duration|Duration|Srate|Drate|urg_count|Magnitue|Radius|Covariance|Weight,Time_To_Live|IGMP,34186
Mirai-greeth_flood,Mirai-greeth_flood8.pcap.csv,47,39,No,No,flow_duration|Duration|Srate|Drate|urg_count|Magnitue|Radius|Covariance|Weight,Time_To_Live|IGMP,34067
Mirai-greeth_flood,Mirai-greeth_flood9.pcap.csv,47,39,No,No,flow_duration|Duration|Srate|Drate|urg_count|Magnitue|Radius|Covariance|Weight,Time_To_Live|IGMP,34680
Mirai-greip_flood,Mirai-greip_flood.pcap.csv,47,39,No,No,flow_duration|Duration|Srate|Drate|urg_count|Magnitue|Radius|Covariance|Weight,Time_To_Live|IGMP,35073
Mirai-greip_flood,Mirai-greip_flood1.pcap.csv,47,39,No,No,flow_duration|Duration|Srate|Drate|urg_count|Magnitue|Radius|Covariance|Weight,Time_To_Live|IGMP,35128
Mirai-greip_flood,Mirai-greip_flood10.pcap.csv,47,39,No,No,flow_duration|Duration|Srate|Drate|urg_count|Magnitue|Radius|Covariance|Weight,Time_To_Live|IGMP,35292
Mirai-greip_flood,Mirai-greip_flood11.pcap.csv,47,39,No,No,flow_duration|Duration|Srate|Drate|urg_count|Magnitue|Radius|Covariance|Weight,Time_To_Live|IGMP,35019
Mirai-greip_flood,Mirai-greip_flood12.pcap.csv,47,39,No,No,flow_duration|Duration|Srate|Drate|urg_count|Magnitue|Radius|Covariance|Weight,Time_To_Live|IGMP,35339
Mirai-greip_flood,Mirai-greip_flood13.pcap.csv,47,39,No,No,flow_duration|Duration|Srate|Drate|urg_count|Magnitue|Radius|Covariance|Weight,Time_To_Live|IGMP,35251
Mirai-greip_flood,Mirai-greip_flood14.pcap.csv,47,39,No,No,flow_duration|Duration|Srate|Drate|urg_count|Magnitue|Radius|Covariance|Weight,Time_To_Live|IGMP,35098
Mirai-greip_flood,Mirai-greip_flood15.pcap.csv,47,39,No,No,flow_duration|Duration|Srate|Drate|urg_count|Magnitue|Radius|Covariance|Weight,Time_To_Live|IGMP,35105
Mirai-greip_flood,Mirai-greip_flood16.pcap.csv,47,39,No,No,flow_duration|Duration|Srate|Drate|urg_count|Magnitue|Radius|Covariance|Weight,Time_To_Live|IGMP,34920
Mirai-greip_flood,Mirai-greip_flood17.pcap.csv,47,39,No,No,flow_duration|Duration|Srate|Drate|urg_count|Magnitue|Radius|Covariance|Weight,Time_To_Live|IGMP,35948
Mirai-greip_flood,Mirai-greip_flood19.pcap.csv,47,39,No,No,flow_duration|Duration|Srate|Drate|urg_count|Magnitue|Radius|Covariance|Weight,Time_To_Live|IGMP,34844
Mirai-greip_flood,Mirai-greip_flood2.pcap.csv,47,39,No,No,flow_duration|Duration|Srate|Drate|urg_count|Magnitue|Radius|Covariance|Weight,Time_To_Live|IGMP,34846
Mirai-greip_flood,Mirai-greip_flood20.pcap.csv,47,39,No,No,flow_duration|Duration|Srate|Drate|urg_count|Magnitue|Radius|Covariance|Weight,Time_To_Live|IGMP,35089
Mirai-greip_flood,Mirai-greip_flood21.pcap.csv,47,39,No,No,flow_duration|Duration|Srate|Drate|urg_count|Magnitue|Radius|Covariance|Weight,Time_To_Live|IGMP,11991
Mirai-greip_flood,Mirai-greip_flood3.pcap.csv,47,39,No,No,flow_duration|Duration|Srate|Drate|urg_count|Magnitue|Radius|Covariance|Weight,Time_To_Live|IGMP,35168
Mirai-greip_flood,Mirai-greip_flood4.pcap.csv,47,39,No,No,flow_duration|Duration|Srate|Drate|urg_count|Magnitue|Radius|Covariance|Weight,Time_To_Live|IGMP,35784
Mirai-greip_flood,Mirai-greip_flood5.pcap.csv,47,39,No,No,flow_duration|Duration|Srate|Drate|urg_count|Magnitue|Radius|Covariance|Weight,Time_To_Live|IGMP,35456
Mirai-greip_flood,Mirai-greip_flood6.pcap.csv,47,39,No,No,flow_duration|Duration|Srate|Drate|urg_count|Magnitue|Radius|Covariance|Weight,Time_To_Live|IGMP,36052
Mirai-greip_flood,Mirai-greip_flood7.pcap.csv,47,39,No,No,flow_duration|Duration|Srate|Drate|urg_count|Magnitue|Radius|Covariance|Weight,Time_To_Live|IGMP,35462
Mirai-greip_flood,Mirai-greip_flood9.pcap.csv,47,39,No,No,flow_duration|Duration|Srate|Drate|urg_count|Magnitue|Radius|Covariance|Weight,Time_To_Live|IGMP,35044
Mirai-udpplain,Mirai-udpplain.pcap.csv,47,39,No,No,flow_duration|Duration|Srate|Drate|urg_count|Magnitue|Radius|Covariance|Weight,Time_To_Live|IGMP,36481
Mirai-udpplain,Mirai-udpplain10.pcap.csv,47,39,No,No,flow_duration|Duration|Srate|Drate|urg_count|Magnitue|Radius|Covariance|Weight,Time_To_Live|IGMP,16826
MITM-ArpSpoofing,MITM-ArpSpoofing.pcap.csv,47,39,No,No,flow_duration|Duration|Srate|Drate|urg_count|Magnitue|Radius|Covariance|Weight,Time_To_Live|IGMP,247706
MITM-ArpSpoofing,MITM-ArpSpoofing1.pcap.csv,47,39,No,No,flow_duration|Duration|Srate|Drate|urg_count|Magnitue|Radius|Covariance|Weight,Time_To_Live|IGMP,59854
